movie_id,image_seq,angry,disgust,fear,happy,sad,surprise,neutral,dominant_emotion
9c350343-e895-49df-af90-d50b91d19d3e,0,24.9028,6.65582e-05,0.810725,0.00130463,2.51115,0.0298614,71.7441,neutral
9c350343-e895-49df-af90-d50b91d19d3e,1,0.105126,2.91351e-11,0.000545632,0.00444379,0.0203316,4.99429e-05,99.8695,neutral
9c350343-e895-49df-af90-d50b91d19d3e,2,0.0324648,4.9278e-11,0.000134306,0.326047,0.0764467,1.16976e-05,99.5649,neutral
9c350343-e895-49df-af90-d50b91d19d3e,3,0.00625308,3.97972e-10,9.58978e-05,0.0738617,0.00851685,0.0023527,99.9089,neutral
